"Id","Name","State"
"3","vm-1","Failed"
"5","vm-2","Failed"
"7","vm-3","Failed"
"9","vm-4","Failed"
"11","vm-5","Failed"
"13","vm-6","Failed"
"15","vm-7","Failed"
"17","vm-8","Failed"
"19","vm-9","Failed"
"21","vm-10","Failed"
"23","vm-11","Failed"
"25","vm-12","Failed"
"27","vm-13","Failed"
"29","vm-14","Failed"
"31","vm-15","Failed"
"33","vm-16","Failed"
"35","vm-17","Failed"
"37","vm-18","Failed"
"39","vm-19","Failed"
"41","vm-20","Failed"
"43","vm-21","Failed"
"45","vm-22","Failed"
"47","vm-23","Failed"
"49","vm-24","Failed"
"51","vm-25","Failed"
"53","vm-26","Failed"
"55","vm-27","Failed"
"57","vm-28","Failed"
"59","vm-29","Failed"
"61","vm-30","Failed"
